config_name,first_choice_pct,avg_student_satisfaction_rate,workload_std_dev,balance_weight,score_weights
Config_1,98.66666666666667,77.91666666666667,3.2565664377862045,1.0,"{'prog_first_choice': 10, 'prog_second_choice': 5, 'student_topic_satisfaction': 10}"
Config_2,88.0,82.58333333333333,2.8938651891451856,1.0,"{'prog_first_choice': 10, 'prog_second_choice': 5, 'student_topic_satisfaction': 20}"
Config_3,80.66666666666666,84.69444444444444,2.5998213626250717,1.0,"{'prog_first_choice': 10, 'prog_second_choice': 5, 'student_topic_satisfaction': 50}"
Config_4,80.0,84.77777777777777,2.643830620204501,1.0,"{'prog_first_choice': 10, 'prog_second_choice': 5, 'student_topic_satisfaction': 100}"
Config_5,62.0,80.41666666666667,2.2251693890284794,1.0,"{'prog_first_choice': 10, 'prog_second_choice': 10, 'student_topic_satisfaction': 10}"
Config_6,56.00000000000001,82.08333333333333,2.127980706395726,1.0,"{'prog_first_choice': 10, 'prog_second_choice': 10, 'student_topic_satisfaction': 20}"
Config_7,54.666666666666664,84.69444444444444,1.8987429956988726,1.0,"{'prog_first_choice': 10, 'prog_second_choice': 10, 'student_topic_satisfaction': 50}"
Config_8,56.666666666666664,84.77777777777777,1.8885876800545933,1.0,"{'prog_first_choice': 10, 'prog_second_choice': 10, 'student_topic_satisfaction': 100}"
Config_9,32.666666666666664,79.25,2.5998213626250717,1.0,"{'prog_first_choice': 10, 'prog_second_choice': 25, 'student_topic_satisfaction': 10}"
Config_10,29.333333333333332,80.91666666666667,2.5171400824119345,1.0,"{'prog_first_choice': 10, 'prog_second_choice': 25, 'student_topic_satisfaction': 20}"
Config_11,24.666666666666668,82.91666666666667,2.5998213626250717,1.0,"{'prog_first_choice': 10, 'prog_second_choice': 25, 'student_topic_satisfaction': 50}"
Config_12,29.333333333333332,84.69444444444444,2.423727652387186,1.0,"{'prog_first_choice': 10, 'prog_second_choice': 25, 'student_topic_satisfaction': 100}"
Config_13,32.666666666666664,79.25,2.5998213626250717,1.0,"{'prog_first_choice': 10, 'prog_second_choice': 50, 'student_topic_satisfaction': 10}"
Config_14,29.333333333333332,80.91666666666667,2.5171400824119345,1.0,"{'prog_first_choice': 10, 'prog_second_choice': 50, 'student_topic_satisfaction': 20}"
Config_15,24.0,82.58333333333333,2.607207827547168,1.0,"{'prog_first_choice': 10, 'prog_second_choice': 50, 'student_topic_satisfaction': 50}"
Config_16,24.0,83.02777777777777,2.5924138518184447,1.0,"{'prog_first_choice': 10, 'prog_second_choice': 50, 'student_topic_satisfaction': 100}"
Config_17,100.0,77.25,3.285959929156657,1.0,"{'prog_first_choice': 20, 'prog_second_choice': 5, 'student_topic_satisfaction': 10}"
Config_18,100.0,77.25,3.285959929156657,1.0,"{'prog_first_choice': 20, 'prog_second_choice': 5, 'student_topic_satisfaction': 20}"
Config_19,89.33333333333333,82.58333333333333,2.9334663733739186,1.0,"{'prog_first_choice': 20, 'prog_second_choice': 5, 'student_topic_satisfaction': 50}"
Config_20,81.33333333333333,84.58333333333333,2.6292427182380553,1.0,"{'prog_first_choice': 20, 'prog_second_choice': 5, 'student_topic_satisfaction': 100}"
Config_21,100.0,77.25,3.3150928114203553,1.0,"{'prog_first_choice': 20, 'prog_second_choice': 10, 'student_topic_satisfaction': 10}"
Config_22,98.66666666666667,77.91666666666667,3.244734486332041,1.0,"{'prog_first_choice': 20, 'prog_second_choice': 10, 'student_topic_satisfaction': 20}"
Config_23,84.66666666666667,83.75,2.8266305645292444,1.0,"{'prog_first_choice': 20, 'prog_second_choice': 10, 'student_topic_satisfaction': 50}"
Config_24,81.33333333333333,84.58333333333333,2.687119197039861,1.0,"{'prog_first_choice': 20, 'prog_second_choice': 10, 'student_topic_satisfaction': 100}"
Config_25,32.666666666666664,79.25,2.5998213626250717,1.0,"{'prog_first_choice': 20, 'prog_second_choice': 25, 'student_topic_satisfaction': 10}"
Config_26,34.0,79.75,2.5998213626250717,1.0,"{'prog_first_choice': 20, 'prog_second_choice': 25, 'student_topic_satisfaction': 20}"
Config_27,32.0,82.75,2.47087534362127,1.0,"{'prog_first_choice': 20, 'prog_second_choice': 25, 'student_topic_satisfaction': 50}"
Config_28,30.0,84.58333333333333,2.4395447956267122,1.0,"{'prog_first_choice': 20, 'prog_second_choice': 25, 'student_topic_satisfaction': 100}"
Config_29,32.666666666666664,79.25,2.607207827547168,1.0,"{'prog_first_choice': 20, 'prog_second_choice': 50, 'student_topic_satisfaction': 10}"
Config_30,32.666666666666664,79.25,2.5998213626250717,1.0,"{'prog_first_choice': 20, 'prog_second_choice': 50, 'student_topic_satisfaction': 20}"
Config_31,28.000000000000004,81.58333333333333,2.5247684513527773,1.0,"{'prog_first_choice': 20, 'prog_second_choice': 50, 'student_topic_satisfaction': 50}"
Config_32,24.666666666666668,82.91666666666667,2.5998213626250717,1.0,"{'prog_first_choice': 20, 'prog_second_choice': 50, 'student_topic_satisfaction': 100}"
Config_33,100.0,77.25,3.2976439669779847,1.0,"{'prog_first_choice': 50, 'prog_second_choice': 5, 'student_topic_satisfaction': 10}"
Config_34,100.0,77.25,3.2976439669779847,1.0,"{'prog_first_choice': 50, 'prog_second_choice': 5, 'student_topic_satisfaction': 20}"
Config_35,100.0,77.25,3.285959929156657,1.0,"{'prog_first_choice': 50, 'prog_second_choice': 5, 'student_topic_satisfaction': 50}"
Config_36,90.66666666666666,81.91666666666667,2.959572793083773,1.0,"{'prog_first_choice': 50, 'prog_second_choice': 5, 'student_topic_satisfaction': 100}"
Config_37,100.0,77.25,3.2976439669779847,1.0,"{'prog_first_choice': 50, 'prog_second_choice': 10, 'student_topic_satisfaction': 10}"
Config_38,100.0,77.25,3.2976439669779847,1.0,"{'prog_first_choice': 50, 'prog_second_choice': 10, 'student_topic_satisfaction': 20}"
Config_39,100.0,77.25,3.3150928114203553,1.0,"{'prog_first_choice': 50, 'prog_second_choice': 10, 'student_topic_satisfaction': 50}"
Config_40,90.66666666666666,81.91666666666667,2.9203256473880534,1.0,"{'prog_first_choice': 50, 'prog_second_choice': 10, 'student_topic_satisfaction': 100}"
Config_41,100.0,77.25,3.285959929156657,1.0,"{'prog_first_choice': 50, 'prog_second_choice': 25, 'student_topic_satisfaction': 10}"
Config_42,100.0,77.25,3.2976439669779847,1.0,"{'prog_first_choice': 50, 'prog_second_choice': 25, 'student_topic_satisfaction': 20}"
Config_43,98.0,78.25,3.2565664377862045,1.0,"{'prog_first_choice': 50, 'prog_second_choice': 25, 'student_topic_satisfaction': 50}"
Config_44,88.0,82.58333333333333,2.8537145095781864,1.0,"{'prog_first_choice': 50, 'prog_second_choice': 25, 'student_topic_satisfaction': 100}"
Config_45,62.66666666666667,80.41666666666667,2.1903270659933924,1.0,"{'prog_first_choice': 50, 'prog_second_choice': 50, 'student_topic_satisfaction': 10}"
Config_46,63.33333333333333,80.41666666666667,2.2932664732999704,1.0,"{'prog_first_choice': 50, 'prog_second_choice': 50, 'student_topic_satisfaction': 20}"
Config_47,64.0,80.41666666666667,2.1815295362570004,1.0,"{'prog_first_choice': 50, 'prog_second_choice': 50, 'student_topic_satisfaction': 50}"
Config_48,59.333333333333336,82.08333333333333,2.1006944735986326,1.0,"{'prog_first_choice': 50, 'prog_second_choice': 50, 'student_topic_satisfaction': 100}"
Config_49,100.0,77.25,3.2976439669779847,1.0,"{'prog_first_choice': 100, 'prog_second_choice': 5, 'student_topic_satisfaction': 10}"
Config_50,100.0,77.25,3.2976439669779847,1.0,"{'prog_first_choice': 100, 'prog_second_choice': 5, 'student_topic_satisfaction': 20}"
Config_51,100.0,77.25,3.2976439669779847,1.0,"{'prog_first_choice': 100, 'prog_second_choice': 5, 'student_topic_satisfaction': 50}"
Config_52,100.0,77.25,3.285959929156657,1.0,"{'prog_first_choice': 100, 'prog_second_choice': 5, 'student_topic_satisfaction': 100}"
Config_53,100.0,77.25,3.2976439669779847,1.0,"{'prog_first_choice': 100, 'prog_second_choice': 10, 'student_topic_satisfaction': 10}"
Config_54,100.0,77.25,3.2976439669779847,1.0,"{'prog_first_choice': 100, 'prog_second_choice': 10, 'student_topic_satisfaction': 20}"
Config_55,100.0,77.25,3.2976439669779847,1.0,"{'prog_first_choice': 100, 'prog_second_choice': 10, 'student_topic_satisfaction': 50}"
Config_56,100.0,77.25,3.3092867524391685,1.0,"{'prog_first_choice': 100, 'prog_second_choice': 10, 'student_topic_satisfaction': 100}"
Config_57,100.0,77.25,3.2976439669779847,1.0,"{'prog_first_choice': 100, 'prog_second_choice': 25, 'student_topic_satisfaction': 10}"
Config_58,100.0,77.25,3.2976439669779847,1.0,"{'prog_first_choice': 100, 'prog_second_choice': 25, 'student_topic_satisfaction': 20}"
Config_59,100.0,77.25,3.2976439669779847,1.0,"{'prog_first_choice': 100, 'prog_second_choice': 25, 'student_topic_satisfaction': 50}"
Config_60,100.0,77.25,3.3150928114203553,1.0,"{'prog_first_choice': 100, 'prog_second_choice': 25, 'student_topic_satisfaction': 100}"
Config_61,100.0,77.25,3.2976439669779847,1.0,"{'prog_first_choice': 100, 'prog_second_choice': 50, 'student_topic_satisfaction': 10}"
Config_62,100.0,77.25,3.2976439669779847,1.0,"{'prog_first_choice': 100, 'prog_second_choice': 50, 'student_topic_satisfaction': 20}"
Config_63,100.0,77.25,3.3150928114203553,1.0,"{'prog_first_choice': 100, 'prog_second_choice': 50, 'student_topic_satisfaction': 50}"
Config_64,98.66666666666667,77.91666666666667,3.2565664377862045,1.0,"{'prog_first_choice': 100, 'prog_second_choice': 50, 'student_topic_satisfaction': 100}"
Config_65,94.66666666666667,78.25,2.9854509326746332,2.0,"{'prog_first_choice': 10, 'prog_second_choice': 5, 'student_topic_satisfaction': 10}"
Config_66,88.0,82.58333333333333,2.873859968328604,2.0,"{'prog_first_choice': 10, 'prog_second_choice': 5, 'student_topic_satisfaction': 20}"
Config_67,80.66666666666666,84.69444444444444,2.7013945761445557,2.0,"{'prog_first_choice': 10, 'prog_second_choice': 5, 'student_topic_satisfaction': 50}"
Config_68,80.0,84.77777777777777,2.5550541847077244,2.0,"{'prog_first_choice': 10, 'prog_second_choice': 5, 'student_topic_satisfaction': 100}"
Config_69,62.66666666666667,79.75,2.136998695660339,2.0,"{'prog_first_choice': 10, 'prog_second_choice': 10, 'student_topic_satisfaction': 10}"
Config_70,57.99999999999999,82.08333333333333,2.0915199575778134,2.0,"{'prog_first_choice': 10, 'prog_second_choice': 10, 'student_topic_satisfaction': 20}"
Config_71,54.666666666666664,84.69444444444444,1.8474082579137283,2.0,"{'prog_first_choice': 10, 'prog_second_choice': 10, 'student_topic_satisfaction': 50}"
Config_72,55.333333333333336,84.77777777777777,1.8681114389486817,2.0,"{'prog_first_choice': 10, 'prog_second_choice': 10, 'student_topic_satisfaction': 100}"
Config_73,32.666666666666664,78.75,2.5625696917847898,2.0,"{'prog_first_choice': 10, 'prog_second_choice': 25, 'student_topic_satisfaction': 10}"
Config_74,29.333333333333332,80.91666666666667,2.5171400824119345,2.0,"{'prog_first_choice': 10, 'prog_second_choice': 25, 'student_topic_satisfaction': 20}"
Config_75,28.666666666666668,82.58333333333333,2.4786461026489985,2.0,"{'prog_first_choice': 10, 'prog_second_choice': 25, 'student_topic_satisfaction': 50}"
Config_76,29.333333333333332,84.69444444444444,2.423727652387186,2.0,"{'prog_first_choice': 10, 'prog_second_choice': 25, 'student_topic_satisfaction': 100}"
Config_77,32.666666666666664,78.75,2.5775349662375233,2.0,"{'prog_first_choice': 10, 'prog_second_choice': 50, 'student_topic_satisfaction': 10}"
Config_78,29.333333333333332,80.91666666666667,2.5247684513527773,2.0,"{'prog_first_choice': 10, 'prog_second_choice': 50, 'student_topic_satisfaction': 20}"
Config_79,26.666666666666668,81.91666666666667,2.5323738411632353,2.0,"{'prog_first_choice': 10, 'prog_second_choice': 50, 'student_topic_satisfaction': 50}"
Config_80,24.0,83.02777777777777,2.5924138518184447,2.0,"{'prog_first_choice': 10, 'prog_second_choice': 50, 'student_topic_satisfaction': 100}"
Config_81,100.0,76.25,3.1909478279405645,2.0,"{'prog_first_choice': 20, 'prog_second_choice': 5, 'student_topic_satisfaction': 10}"
Config_82,100.0,77.25,3.280102302910945,2.0,"{'prog_first_choice': 20, 'prog_second_choice': 5, 'student_topic_satisfaction': 20}"
Config_83,86.66666666666667,83.25,2.7924062483856504,2.0,"{'prog_first_choice': 20, 'prog_second_choice': 5, 'student_topic_satisfaction': 50}"
Config_84,80.66666666666666,84.69444444444444,2.584985114200584,2.0,"{'prog_first_choice': 20, 'prog_second_choice': 5, 'student_topic_satisfaction': 100}"
Config_85,100.0,76.25,3.148478564546349,2.0,"{'prog_first_choice': 20, 'prog_second_choice': 10, 'student_topic_satisfaction': 10}"
Config_86,98.66666666666667,77.91666666666667,3.2565664377862045,2.0,"{'prog_first_choice': 20, 'prog_second_choice': 10, 'student_topic_satisfaction': 20}"
Config_87,85.33333333333334,83.58333333333333,2.8198189321070557,2.0,"{'prog_first_choice': 20, 'prog_second_choice': 10, 'student_topic_satisfaction': 50}"
Config_88,80.66666666666666,84.69444444444444,2.6583384707847104,2.0,"{'prog_first_choice': 20, 'prog_second_choice': 10, 'student_topic_satisfaction': 100}"
Config_89,32.666666666666664,78.75,2.570063221735125,2.0,"{'prog_first_choice': 20, 'prog_second_choice': 25, 'student_topic_satisfaction': 10}"
Config_90,34.0,79.75,2.5998213626250717,2.0,"{'prog_first_choice': 20, 'prog_second_choice': 25, 'student_topic_satisfaction': 20}"
Config_91,32.0,83.08333333333333,2.4552600446373196,2.0,"{'prog_first_choice': 20, 'prog_second_choice': 25, 'student_topic_satisfaction': 50}"
Config_92,29.333333333333332,84.69444444444444,2.423727652387186,2.0,"{'prog_first_choice': 20, 'prog_second_choice': 25, 'student_topic_satisfaction': 100}"
Config_93,32.666666666666664,78.75,2.5625696917847898,2.0,"{'prog_first_choice': 20, 'prog_second_choice': 50, 'student_topic_satisfaction': 10}"
Config_94,32.666666666666664,79.25,2.607207827547168,2.0,"{'prog_first_choice': 20, 'prog_second_choice': 50, 'student_topic_satisfaction': 20}"
Config_95,28.000000000000004,81.58333333333333,2.5247684513527773,2.0,"{'prog_first_choice': 20, 'prog_second_choice': 50, 'student_topic_satisfaction': 50}"
Config_96,24.666666666666668,82.91666666666667,2.5998213626250717,2.0,"{'prog_first_choice': 20, 'prog_second_choice': 50, 'student_topic_satisfaction': 100}"
Config_97,100.0,76.25,3.1909478279405645,2.0,"{'prog_first_choice': 50, 'prog_second_choice': 5, 'student_topic_satisfaction': 10}"
Config_98,100.0,77.25,3.285959929156657,2.0,"{'prog_first_choice': 50, 'prog_second_choice': 5, 'student_topic_satisfaction': 20}"
Config_99,100.0,77.25,3.285959929156657,2.0,"{'prog_first_choice': 50, 'prog_second_choice': 5, 'student_topic_satisfaction': 50}"
Config_100,90.66666666666666,81.91666666666667,2.959572793083773,2.0,"{'prog_first_choice': 50, 'prog_second_choice': 5, 'student_topic_satisfaction': 100}"
Config_101,100.0,76.25,3.1909478279405645,2.0,"{'prog_first_choice': 50, 'prog_second_choice': 10, 'student_topic_satisfaction': 10}"
Config_102,100.0,77.25,3.285959929156657,2.0,"{'prog_first_choice': 50, 'prog_second_choice': 10, 'student_topic_satisfaction': 20}"
Config_103,100.0,77.25,3.3150928114203553,2.0,"{'prog_first_choice': 50, 'prog_second_choice': 10, 'student_topic_satisfaction': 50}"
Config_104,90.66666666666666,81.91666666666667,2.9203256473880534,2.0,"{'prog_first_choice': 50, 'prog_second_choice': 10, 'student_topic_satisfaction': 100}"
Config_105,100.0,76.25,3.1909478279405645,2.0,"{'prog_first_choice': 50, 'prog_second_choice': 25, 'student_topic_satisfaction': 10}"
Config_106,100.0,77.25,3.2976439669779847,2.0,"{'prog_first_choice': 50, 'prog_second_choice': 25, 'student_topic_satisfaction': 20}"
Config_107,98.66666666666667,77.91666666666667,3.2565664377862045,2.0,"{'prog_first_choice': 50, 'prog_second_choice': 25, 'student_topic_satisfaction': 50}"
Config_108,88.0,82.58333333333333,2.8537145095781864,2.0,"{'prog_first_choice': 50, 'prog_second_choice': 25, 'student_topic_satisfaction': 100}"
Config_109,58.666666666666664,79.75,2.0450300830644537,2.0,"{'prog_first_choice': 50, 'prog_second_choice': 50, 'student_topic_satisfaction': 10}"
Config_110,63.33333333333333,80.41666666666667,2.2932664732999704,2.0,"{'prog_first_choice': 50, 'prog_second_choice': 50, 'student_topic_satisfaction': 20}"
Config_111,64.66666666666666,80.41666666666667,2.233795055131718,2.0,"{'prog_first_choice': 50, 'prog_second_choice': 50, 'student_topic_satisfaction': 50}"
Config_112,60.66666666666667,82.08333333333333,2.127980706395726,2.0,"{'prog_first_choice': 50, 'prog_second_choice': 50, 'student_topic_satisfaction': 100}"
Config_113,100.0,76.25,3.1909478279405645,2.0,"{'prog_first_choice': 100, 'prog_second_choice': 5, 'student_topic_satisfaction': 10}"
Config_114,100.0,77.25,3.2976439669779847,2.0,"{'prog_first_choice': 100, 'prog_second_choice': 5, 'student_topic_satisfaction': 20}"
Config_115,100.0,77.25,3.2976439669779847,2.0,"{'prog_first_choice': 100, 'prog_second_choice': 5, 'student_topic_satisfaction': 50}"
Config_116,100.0,77.25,3.285959929156657,2.0,"{'prog_first_choice': 100, 'prog_second_choice': 5, 'student_topic_satisfaction': 100}"
Config_117,100.0,76.25,3.1909478279405645,2.0,"{'prog_first_choice': 100, 'prog_second_choice': 10, 'student_topic_satisfaction': 10}"
Config_118,100.0,77.25,3.2976439669779847,2.0,"{'prog_first_choice': 100, 'prog_second_choice': 10, 'student_topic_satisfaction': 20}"
Config_119,100.0,77.25,3.2976439669779847,2.0,"{'prog_first_choice': 100, 'prog_second_choice': 10, 'student_topic_satisfaction': 50}"
Config_120,100.0,77.25,3.3092867524391685,2.0,"{'prog_first_choice': 100, 'prog_second_choice': 10, 'student_topic_satisfaction': 100}"
Config_121,100.0,76.25,3.1909478279405645,2.0,"{'prog_first_choice': 100, 'prog_second_choice': 25, 'student_topic_satisfaction': 10}"
Config_122,100.0,77.25,3.2976439669779847,2.0,"{'prog_first_choice': 100, 'prog_second_choice': 25, 'student_topic_satisfaction': 20}"
Config_123,100.0,77.25,3.2976439669779847,2.0,"{'prog_first_choice': 100, 'prog_second_choice': 25, 'student_topic_satisfaction': 50}"
Config_124,100.0,77.25,3.3150928114203553,2.0,"{'prog_first_choice': 100, 'prog_second_choice': 25, 'student_topic_satisfaction': 100}"
Config_125,100.0,76.25,3.1909478279405645,2.0,"{'prog_first_choice': 100, 'prog_second_choice': 50, 'student_topic_satisfaction': 10}"
Config_126,100.0,77.25,3.2976439669779847,2.0,"{'prog_first_choice': 100, 'prog_second_choice': 50, 'student_topic_satisfaction': 20}"
Config_127,100.0,77.25,3.2976439669779847,2.0,"{'prog_first_choice': 100, 'prog_second_choice': 50, 'student_topic_satisfaction': 50}"
Config_128,98.66666666666667,77.91666666666667,3.2565664377862045,2.0,"{'prog_first_choice': 100, 'prog_second_choice': 50, 'student_topic_satisfaction': 100}"
Config_129,60.0,81.3611111111111,0.6718473114252792,5.0,"{'prog_first_choice': 10, 'prog_second_choice': 5, 'student_topic_satisfaction': 10}"
Config_130,60.0,82.69444444444444,0.8488872593578873,5.0,"{'prog_first_choice': 10, 'prog_second_choice': 5, 'student_topic_satisfaction': 20}"
Config_131,57.99999999999999,84.52777777777777,1.1886619668382754,5.0,"{'prog_first_choice': 10, 'prog_second_choice': 5, 'student_topic_satisfaction': 50}"
Config_132,54.666666666666664,84.77777777777777,0.9554670436011059,5.0,"{'prog_first_choice': 10, 'prog_second_choice': 5, 'student_topic_satisfaction': 100}"
Config_133,52.0,82.02777777777777,1.1558521507895203,5.0,"{'prog_first_choice': 10, 'prog_second_choice': 10, 'student_topic_satisfaction': 10}"
Config_134,52.0,82.02777777777777,0.9949072058895314,5.0,"{'prog_first_choice': 10, 'prog_second_choice': 10, 'student_topic_satisfaction': 20}"
Config_135,46.0,84.69444444444444,0.9351233784620611,5.0,"{'prog_first_choice': 10, 'prog_second_choice': 10, 'student_topic_satisfaction': 50}"
Config_136,50.66666666666667,84.77777777777777,1.266974728917483,5.0,"{'prog_first_choice': 10, 'prog_second_choice': 10, 'student_topic_satisfaction': 100}"
Config_137,30.0,79.75,2.47087534362127,5.0,"{'prog_first_choice': 10, 'prog_second_choice': 25, 'student_topic_satisfaction': 10}"
Config_138,29.333333333333332,80.41666666666667,2.4786461026489985,5.0,"{'prog_first_choice': 10, 'prog_second_choice': 25, 'student_topic_satisfaction': 20}"
Config_139,28.000000000000004,82.69444444444444,2.423727652387186,5.0,"{'prog_first_choice': 10, 'prog_second_choice': 25, 'student_topic_satisfaction': 50}"
Config_140,29.333333333333332,84.69444444444444,2.423727652387186,5.0,"{'prog_first_choice': 10, 'prog_second_choice': 25, 'student_topic_satisfaction': 100}"
Config_141,30.0,79.75,2.47087534362127,5.0,"{'prog_first_choice': 10, 'prog_second_choice': 50, 'student_topic_satisfaction': 10}"
Config_142,29.333333333333332,80.41666666666667,2.4786461026489985,5.0,"{'prog_first_choice': 10, 'prog_second_choice': 50, 'student_topic_satisfaction': 20}"
Config_143,26.0,82.02777777777777,2.5171400824119345,5.0,"{'prog_first_choice': 10, 'prog_second_choice': 50, 'student_topic_satisfaction': 50}"
Config_144,24.0,83.02777777777777,2.5924138518184447,5.0,"{'prog_first_choice': 10, 'prog_second_choice': 50, 'student_topic_satisfaction': 100}"
Config_145,100.0,75.91666666666667,3.148478564546349,5.0,"{'prog_first_choice': 20, 'prog_second_choice': 5, 'student_topic_satisfaction': 10}"
Config_146,96.66666666666667,77.91666666666667,3.01110667782694,5.0,"{'prog_first_choice': 20, 'prog_second_choice': 5, 'student_topic_satisfaction': 20}"
Config_147,84.0,83.75,2.5323738411632353,5.0,"{'prog_first_choice': 20, 'prog_second_choice': 5, 'student_topic_satisfaction': 50}"
Config_148,81.33333333333333,84.52777777777777,2.5247684513527773,5.0,"{'prog_first_choice': 20, 'prog_second_choice': 5, 'student_topic_satisfaction': 100}"
Config_149,88.66666666666667,76.91666666666667,2.5171400824119345,5.0,"{'prog_first_choice': 20, 'prog_second_choice': 10, 'student_topic_satisfaction': 10}"
Config_150,86.0,79.25,2.4630800687866383,5.0,"{'prog_first_choice': 20, 'prog_second_choice': 10, 'student_topic_satisfaction': 20}"
Config_151,78.0,84.25,2.351234119944769,5.0,"{'prog_first_choice': 20, 'prog_second_choice': 10, 'student_topic_satisfaction': 50}"
Config_152,76.0,84.69444444444444,2.351234119944769,5.0,"{'prog_first_choice': 20, 'prog_second_choice': 10, 'student_topic_satisfaction': 100}"
Config_153,37.333333333333336,78.75,2.318287241250812,5.0,"{'prog_first_choice': 20, 'prog_second_choice': 25, 'student_topic_satisfaction': 10}"
Config_154,38.0,78.91666666666667,2.2932664732999704,5.0,"{'prog_first_choice': 20, 'prog_second_choice': 25, 'student_topic_satisfaction': 20}"
Config_155,34.66666666666667,82.75,2.233795055131718,5.0,"{'prog_first_choice': 20, 'prog_second_choice': 25, 'student_topic_satisfaction': 50}"
Config_156,34.66666666666667,84.69444444444444,2.250947228447169,5.0,"{'prog_first_choice': 20, 'prog_second_choice': 25, 'student_topic_satisfaction': 100}"
Config_157,32.666666666666664,78.41666666666667,2.5323738411632353,5.0,"{'prog_first_choice': 20, 'prog_second_choice': 50, 'student_topic_satisfaction': 10}"
Config_158,32.666666666666664,78.41666666666667,2.5323738411632353,5.0,"{'prog_first_choice': 20, 'prog_second_choice': 50, 'student_topic_satisfaction': 20}"
Config_159,28.666666666666668,81.25,2.5094885247841288,5.0,"{'prog_first_choice': 20, 'prog_second_choice': 50, 'student_topic_satisfaction': 50}"
Config_160,28.666666666666668,82.58333333333333,2.4395447956267122,5.0,"{'prog_first_choice': 20, 'prog_second_choice': 50, 'student_topic_satisfaction': 100}"
Config_161,100.0,75.91666666666667,3.148478564546349,5.0,"{'prog_first_choice': 50, 'prog_second_choice': 5, 'student_topic_satisfaction': 10}"
Config_162,100.0,76.25,3.1909478279405645,5.0,"{'prog_first_choice': 50, 'prog_second_choice': 5, 'student_topic_satisfaction': 20}"
Config_163,100.0,77.25,3.3092867524391685,5.0,"{'prog_first_choice': 50, 'prog_second_choice': 5, 'student_topic_satisfaction': 50}"
Config_164,90.66666666666666,81.91666666666667,2.953067825008451,5.0,"{'prog_first_choice': 50, 'prog_second_choice': 5, 'student_topic_satisfaction': 100}"
Config_165,100.0,75.91666666666667,3.148478564546349,5.0,"{'prog_first_choice': 50, 'prog_second_choice': 10, 'student_topic_satisfaction': 10}"
Config_166,100.0,76.25,3.1909478279405645,5.0,"{'prog_first_choice': 50, 'prog_second_choice': 10, 'student_topic_satisfaction': 20}"
Config_167,100.0,77.25,3.3150928114203553,5.0,"{'prog_first_choice': 50, 'prog_second_choice': 10, 'student_topic_satisfaction': 50}"
Config_168,90.66666666666666,81.91666666666667,2.9005029342181055,5.0,"{'prog_first_choice': 50, 'prog_second_choice': 10, 'student_topic_satisfaction': 100}"
Config_169,100.0,75.91666666666667,3.148478564546349,5.0,"{'prog_first_choice': 50, 'prog_second_choice': 25, 'student_topic_satisfaction': 10}"
Config_170,100.0,76.25,3.1909478279405645,5.0,"{'prog_first_choice': 50, 'prog_second_choice': 25, 'student_topic_satisfaction': 20}"
Config_171,98.66666666666667,77.91666666666667,3.2565664377862045,5.0,"{'prog_first_choice': 50, 'prog_second_choice': 25, 'student_topic_satisfaction': 50}"
Config_172,88.0,82.58333333333333,2.8537145095781864,5.0,"{'prog_first_choice': 50, 'prog_second_choice': 25, 'student_topic_satisfaction': 100}"
Config_173,59.333333333333336,79.41666666666667,1.9974584722418922,5.0,"{'prog_first_choice': 50, 'prog_second_choice': 50, 'student_topic_satisfaction': 10}"
Config_174,61.33333333333333,79.41666666666667,2.0356047018458834,5.0,"{'prog_first_choice': 50, 'prog_second_choice': 50, 'student_topic_satisfaction': 20}"
Config_175,64.66666666666666,80.41666666666667,2.233795055131718,5.0,"{'prog_first_choice': 50, 'prog_second_choice': 50, 'student_topic_satisfaction': 50}"
Config_176,60.66666666666667,82.08333333333333,2.1006944735986326,5.0,"{'prog_first_choice': 50, 'prog_second_choice': 50, 'student_topic_satisfaction': 100}"
Config_177,100.0,75.91666666666667,3.148478564546349,5.0,"{'prog_first_choice': 100, 'prog_second_choice': 5, 'student_topic_satisfaction': 10}"
Config_178,100.0,76.25,3.1909478279405645,5.0,"{'prog_first_choice': 100, 'prog_second_choice': 5, 'student_topic_satisfaction': 20}"
Config_179,100.0,77.25,3.285959929156657,5.0,"{'prog_first_choice': 100, 'prog_second_choice': 5, 'student_topic_satisfaction': 50}"
Config_180,100.0,77.25,3.285959929156657,5.0,"{'prog_first_choice': 100, 'prog_second_choice': 5, 'student_topic_satisfaction': 100}"
Config_181,100.0,75.91666666666667,3.148478564546349,5.0,"{'prog_first_choice': 100, 'prog_second_choice': 10, 'student_topic_satisfaction': 10}"
Config_182,100.0,76.25,3.1909478279405645,5.0,"{'prog_first_choice': 100, 'prog_second_choice': 10, 'student_topic_satisfaction': 20}"
Config_183,100.0,77.25,3.2976439669779847,5.0,"{'prog_first_choice': 100, 'prog_second_choice': 10, 'student_topic_satisfaction': 50}"
Config_184,100.0,77.25,3.3150928114203553,5.0,"{'prog_first_choice': 100, 'prog_second_choice': 10, 'student_topic_satisfaction': 100}"
Config_185,100.0,75.91666666666667,3.148478564546349,5.0,"{'prog_first_choice': 100, 'prog_second_choice': 25, 'student_topic_satisfaction': 10}"
Config_186,100.0,76.25,3.1909478279405645,5.0,"{'prog_first_choice': 100, 'prog_second_choice': 25, 'student_topic_satisfaction': 20}"
Config_187,100.0,77.25,3.2976439669779847,5.0,"{'prog_first_choice': 100, 'prog_second_choice': 25, 'student_topic_satisfaction': 50}"
Config_188,100.0,77.25,3.3150928114203553,5.0,"{'prog_first_choice': 100, 'prog_second_choice': 25, 'student_topic_satisfaction': 100}"
Config_189,100.0,75.91666666666667,3.148478564546349,5.0,"{'prog_first_choice': 100, 'prog_second_choice': 50, 'student_topic_satisfaction': 10}"
Config_190,100.0,76.25,3.1909478279405645,5.0,"{'prog_first_choice': 100, 'prog_second_choice': 50, 'student_topic_satisfaction': 20}"
Config_191,100.0,77.25,3.2976439669779847,5.0,"{'prog_first_choice': 100, 'prog_second_choice': 50, 'student_topic_satisfaction': 50}"
Config_192,98.66666666666667,77.91666666666667,3.2683555560309845,5.0,"{'prog_first_choice': 100, 'prog_second_choice': 50, 'student_topic_satisfaction': 100}"
Config_193,56.00000000000001,81.69444444444444,0.3790600245041255,10.0,"{'prog_first_choice': 10, 'prog_second_choice': 5, 'student_topic_satisfaction': 10}"
Config_194,54.666666666666664,82.36111111111111,0.3790600245041255,10.0,"{'prog_first_choice': 10, 'prog_second_choice': 5, 'student_topic_satisfaction': 20}"
Config_195,48.66666666666667,84.36111111111111,0.5089902922077038,10.0,"{'prog_first_choice': 10, 'prog_second_choice': 5, 'student_topic_satisfaction': 50}"
Config_196,47.333333333333336,84.69444444444444,0.5454655406377401,10.0,"{'prog_first_choice': 10, 'prog_second_choice': 5, 'student_topic_satisfaction': 100}"
Config_197,44.666666666666664,82.02777777777777,0.37906002450412557,10.0,"{'prog_first_choice': 10, 'prog_second_choice': 10, 'student_topic_satisfaction': 10}"
Config_198,44.0,82.02777777777777,0.3790600245041255,10.0,"{'prog_first_choice': 10, 'prog_second_choice': 10, 'student_topic_satisfaction': 20}"
Config_199,42.0,84.52777777777777,0.5089902922077038,10.0,"{'prog_first_choice': 10, 'prog_second_choice': 10, 'student_topic_satisfaction': 50}"
Config_200,43.333333333333336,84.69444444444444,0.5454655406377401,10.0,"{'prog_first_choice': 10, 'prog_second_choice': 10, 'student_topic_satisfaction': 100}"
Config_201,34.0,80.19444444444443,2.2423875416155106,10.0,"{'prog_first_choice': 10, 'prog_second_choice': 25, 'student_topic_satisfaction': 10}"
Config_202,34.0,81.02777777777777,2.16382717439231,10.0,"{'prog_first_choice': 10, 'prog_second_choice': 25, 'student_topic_satisfaction': 20}"
Config_203,33.33333333333333,82.36111111111111,2.1369986956603397,10.0,"{'prog_first_choice': 10, 'prog_second_choice': 25, 'student_topic_satisfaction': 50}"
Config_204,34.66666666666667,84.69444444444444,2.2251693890284794,10.0,"{'prog_first_choice': 10, 'prog_second_choice': 25, 'student_topic_satisfaction': 100}"
Config_205,30.0,79.52777777777777,2.45526004463732,10.0,"{'prog_first_choice': 10, 'prog_second_choice': 50, 'student_topic_satisfaction': 10}"
Config_206,29.333333333333332,80.41666666666667,2.4786461026489985,10.0,"{'prog_first_choice': 10, 'prog_second_choice': 50, 'student_topic_satisfaction': 20}"
Config_207,26.0,81.3611111111111,2.4786461026489985,10.0,"{'prog_first_choice': 10, 'prog_second_choice': 50, 'student_topic_satisfaction': 50}"
Config_208,28.000000000000004,82.69444444444444,2.4552600446373196,10.0,"{'prog_first_choice': 10, 'prog_second_choice': 50, 'student_topic_satisfaction': 100}"
Config_209,70.0,80.94444444444444,1.4772095452706115,10.0,"{'prog_first_choice': 20, 'prog_second_choice': 5, 'student_topic_satisfaction': 10}"
Config_210,61.33333333333333,81.02777777777777,0.6718473114252792,10.0,"{'prog_first_choice': 20, 'prog_second_choice': 5, 'student_topic_satisfaction': 20}"
Config_211,59.333333333333336,82.69444444444444,0.7779620580179536,10.0,"{'prog_first_choice': 20, 'prog_second_choice': 5, 'student_topic_satisfaction': 50}"
Config_212,57.333333333333336,84.52777777777777,1.051296800963234,10.0,"{'prog_first_choice': 20, 'prog_second_choice': 5, 'student_topic_satisfaction': 100}"
Config_213,70.66666666666667,80.94444444444444,1.5409269070745368,10.0,"{'prog_first_choice': 20, 'prog_second_choice': 10, 'student_topic_satisfaction': 10}"
Config_214,59.333333333333336,81.69444444444444,0.6119278821448645,10.0,"{'prog_first_choice': 20, 'prog_second_choice': 10, 'student_topic_satisfaction': 20}"
Config_215,60.0,82.69444444444444,0.8488872593578873,10.0,"{'prog_first_choice': 20, 'prog_second_choice': 10, 'student_topic_satisfaction': 50}"
Config_216,57.333333333333336,84.52777777777777,1.104812010751216,10.0,"{'prog_first_choice': 20, 'prog_second_choice': 10, 'student_topic_satisfaction': 100}"
Config_217,34.66666666666667,80.3611111111111,2.216510155945115,10.0,"{'prog_first_choice': 20, 'prog_second_choice': 25, 'student_topic_satisfaction': 10}"
Config_218,34.66666666666667,81.52777777777777,2.1279807063957263,10.0,"{'prog_first_choice': 20, 'prog_second_choice': 25, 'student_topic_satisfaction': 20}"
Config_219,36.0,82.36111111111111,2.0637517092813478,10.0,"{'prog_first_choice': 20, 'prog_second_choice': 25, 'student_topic_satisfaction': 50}"
Config_220,34.66666666666667,84.69444444444444,2.250947228447169,10.0,"{'prog_first_choice': 20, 'prog_second_choice': 25, 'student_topic_satisfaction': 100}"
Config_221,30.0,79.52777777777777,2.4552600446373196,10.0,"{'prog_first_choice': 20, 'prog_second_choice': 50, 'student_topic_satisfaction': 10}"
Config_222,30.0,79.75,2.47087534362127,10.0,"{'prog_first_choice': 20, 'prog_second_choice': 50, 'student_topic_satisfaction': 20}"
Config_223,28.666666666666668,80.75,2.4863925757286616,10.0,"{'prog_first_choice': 20, 'prog_second_choice': 50, 'student_topic_satisfaction': 50}"
Config_224,28.000000000000004,82.69444444444444,2.423727652387186,10.0,"{'prog_first_choice': 20, 'prog_second_choice': 50, 'student_topic_satisfaction': 100}"
Config_225,100.0,75.91666666666667,3.148478564546349,10.0,"{'prog_first_choice': 50, 'prog_second_choice': 5, 'student_topic_satisfaction': 10}"
Config_226,100.0,75.91666666666667,3.148478564546349,10.0,"{'prog_first_choice': 50, 'prog_second_choice': 5, 'student_topic_satisfaction': 20}"
Config_227,100.0,76.25,3.1667494196403436,10.0,"{'prog_first_choice': 50, 'prog_second_choice': 5, 'student_topic_satisfaction': 50}"
Config_228,90.0,82.08333333333333,2.9334663733739186,10.0,"{'prog_first_choice': 50, 'prog_second_choice': 5, 'student_topic_satisfaction': 100}"
Config_229,100.0,75.91666666666667,3.148478564546349,10.0,"{'prog_first_choice': 50, 'prog_second_choice': 10, 'student_topic_satisfaction': 10}"
Config_230,100.0,75.91666666666667,3.148478564546349,10.0,"{'prog_first_choice': 50, 'prog_second_choice': 10, 'student_topic_satisfaction': 20}"
Config_231,99.33333333333333,76.58333333333334,3.1423646721770373,10.0,"{'prog_first_choice': 50, 'prog_second_choice': 10, 'student_topic_satisfaction': 50}"
Config_232,88.0,82.58333333333333,2.8266305645292444,10.0,"{'prog_first_choice': 50, 'prog_second_choice': 10, 'student_topic_satisfaction': 100}"
Config_233,100.0,75.91666666666667,3.148478564546349,10.0,"{'prog_first_choice': 50, 'prog_second_choice': 25, 'student_topic_satisfaction': 10}"
Config_234,98.66666666666667,76.41666666666667,3.0805584474784626,10.0,"{'prog_first_choice': 50, 'prog_second_choice': 25, 'student_topic_satisfaction': 20}"
Config_235,94.66666666666667,78.25,2.9660634949412703,10.0,"{'prog_first_choice': 50, 'prog_second_choice': 25, 'student_topic_satisfaction': 50}"
Config_236,88.0,82.58333333333333,2.887212183834912,10.0,"{'prog_first_choice': 50, 'prog_second_choice': 25, 'student_topic_satisfaction': 100}"
Config_237,59.333333333333336,79.08333333333334,1.9878075384376064,10.0,"{'prog_first_choice': 50, 'prog_second_choice': 50, 'student_topic_satisfaction': 10}"
Config_238,62.0,79.41666666666667,2.073049120504196,10.0,"{'prog_first_choice': 50, 'prog_second_choice': 50, 'student_topic_satisfaction': 20}"
Config_239,62.66666666666667,79.75,2.082305019559997,10.0,"{'prog_first_choice': 50, 'prog_second_choice': 50, 'student_topic_satisfaction': 50}"
Config_240,59.333333333333336,82.08333333333333,2.118924337566331,10.0,"{'prog_first_choice': 50, 'prog_second_choice': 50, 'student_topic_satisfaction': 100}"
Config_241,100.0,75.91666666666667,3.148478564546349,10.0,"{'prog_first_choice': 100, 'prog_second_choice': 5, 'student_topic_satisfaction': 10}"
Config_242,100.0,75.91666666666667,3.148478564546349,10.0,"{'prog_first_choice': 100, 'prog_second_choice': 5, 'student_topic_satisfaction': 20}"
Config_243,100.0,76.25,3.1909478279405645,10.0,"{'prog_first_choice': 100, 'prog_second_choice': 5, 'student_topic_satisfaction': 50}"
Config_244,100.0,77.25,3.285959929156657,10.0,"{'prog_first_choice': 100, 'prog_second_choice': 5, 'student_topic_satisfaction': 100}"
Config_245,100.0,75.91666666666667,3.148478564546349,10.0,"{'prog_first_choice': 100, 'prog_second_choice': 10, 'student_topic_satisfaction': 10}"
Config_246,100.0,75.91666666666667,3.148478564546349,10.0,"{'prog_first_choice': 100, 'prog_second_choice': 10, 'student_topic_satisfaction': 20}"
Config_247,100.0,76.25,3.1909478279405645,10.0,"{'prog_first_choice': 100, 'prog_second_choice': 10, 'student_topic_satisfaction': 50}"
Config_248,100.0,77.25,3.3150928114203553,10.0,"{'prog_first_choice': 100, 'prog_second_choice': 10, 'student_topic_satisfaction': 100}"
Config_249,100.0,75.91666666666667,3.148478564546349,10.0,"{'prog_first_choice': 100, 'prog_second_choice': 25, 'student_topic_satisfaction': 10}"
Config_250,100.0,75.91666666666667,3.148478564546349,10.0,"{'prog_first_choice': 100, 'prog_second_choice': 25, 'student_topic_satisfaction': 20}"
Config_251,100.0,76.25,3.1909478279405645,10.0,"{'prog_first_choice': 100, 'prog_second_choice': 25, 'student_topic_satisfaction': 50}"
Config_252,100.0,77.25,3.3150928114203553,10.0,"{'prog_first_choice': 100, 'prog_second_choice': 25, 'student_topic_satisfaction': 100}"
Config_253,100.0,75.91666666666667,3.148478564546349,10.0,"{'prog_first_choice': 100, 'prog_second_choice': 50, 'student_topic_satisfaction': 10}"
Config_254,100.0,75.91666666666667,3.148478564546349,10.0,"{'prog_first_choice': 100, 'prog_second_choice': 50, 'student_topic_satisfaction': 20}"
Config_255,100.0,76.25,3.1728163239075142,10.0,"{'prog_first_choice': 100, 'prog_second_choice': 50, 'student_topic_satisfaction': 50}"
Config_256,97.33333333333334,78.58333333333334,3.2029784759753985,10.0,"{'prog_first_choice': 100, 'prog_second_choice': 50, 'student_topic_satisfaction': 100}"
